Litter type,Block,Plot,Position,Months,Percent N mass remaining
turkey oak,A,1,Buried,6,107.15
turkey oak,A,2,Buried,6,104.86
turkey oak,A,3,Buried,6,90.56
turkey oak,A,4,Buried,6,78.92
turkey oak,A,5,Buried,6,110.78
turkey oak,A,6,Buried,6,76.94
turkey oak,A,7,Buried,6,82
turkey oak,A,8,Buried,6,108.31
turkey oak,A,9,Buried,6,57.42
turkey oak,A,10,Buried,6,86.94
turkey oak,A,10,Buried,6,97.55
,,,,,
turkey oak,B,1,Buried,6,92.59
turkey oak,B,2,Buried,6,97.93
turkey oak,B,3,Buried,6,101.08
turkey oak,B,4,Buried,6,127.33
turkey oak,B,5,Buried,6,74.17
turkey oak,B,6,Buried,6,64.92
turkey oak,B,7,Buried,6,84.74
turkey oak,B,8,Buried,6,108.15
turkey oak,B,10,Buried,6,137.24
turkey oak,B,11,Buried,6,104.68
turkey oak,B,11,Buried,6,106.52
turkey oak,B,12,Buried,6,103.61
,,,,,
turkey oak,C,1,Buried,6,119.48
turkey oak,C,2,Buried,6,117.9
turkey oak,C,3,Buried,6,80.47
turkey oak,C,4,Buried,6,98.9
turkey oak,C,7,Buried,6,104.45
turkey oak,C,8,Buried,6,80.61
turkey oak,C,10,Buried,6,71.03
turkey oak,C,11,Buried,6,89.76
turkey oak,C,12,Buried,6,79.98
,,,,,
,,,,,
turkey oak,A,1,Buried,12,26.26
turkey oak,A,2,Buried,12,64.57
turkey oak,A,3,Buried,12,101.59
turkey oak,A,4,Buried,12,79.35
turkey oak,A,5,Buried,12,84.2
turkey oak,A,6,Buried,12,88.5
turkey oak,A,7,Buried,12,68.28
turkey oak,A,8,Buried,12,66.75
turkey oak,A,9,Buried,12,19.77
turkey oak,A,11,Buried,12,79.4
turkey oak,A,12,Buried,12,28.68
,,,,,
turkey oak,B,1,Buried,12,90.73
turkey oak,B,2,Buried,12,82.71
turkey oak,B,3,Buried,12,51.05
turkey oak,B,4,Buried,12,106.86
turkey oak,B,7,Buried,12,19.78
turkey oak,B,8,Buried,12,68.03
turkey oak,B,9,Buried,12,25.18
turkey oak,B,10,Buried,12,192.9
turkey oak,B,11,Buried,12,51.04
turkey oak,B,11,Buried,12,75.7
turkey oak,B,12,Buried,12,58.28
,,,,,
turkey oak,C,1,Buried,12,108.45
turkey oak,C,2,Buried,12,69.9
turkey oak,C,3,Buried,12,83.78
turkey oak,C,5,Buried,12,82.95
turkey oak,C,5,Buried,12,97.07
turkey oak,C,5,Buried,12,126.09
turkey oak,C,6,Buried,12,39.15
turkey oak,C,7,Buried,12,80.1
turkey oak,C,8,Buried,12,76.56
turkey oak,C,9,Buried,12,41.92
turkey oak,C,10,Buried,12,50.25
turkey oak,C,11,Buried,12,49.22
turkey oak,C,12,Buried,12,37.5
,,,,,
,,,,,
turkey oak,A,1,Buried,18,40.58
turkey oak,A,2,Buried,18,30.4
turkey oak,A,4,Buried,18,48.55
turkey oak,A,7,Buried,18,27.16
turkey oak,A,8,Buried,18,78.93
turkey oak,A,9,Buried,18,13.17
turkey oak,A,10,Buried,18,92.06
turkey oak,A,11,Buried,18,28.16
turkey oak,A,12,Buried,18,30
,,,,,
turkey oak,B,1,Buried,18,11
turkey oak,B,2,Buried,18,40.05
turkey oak,B,3,Buried,18,63.93
turkey oak,B,4,Buried,18,38.29
turkey oak,B,5,Buried,18,75.26
turkey oak,B,6,Buried,18,39.17
turkey oak,B,7,Buried,18,1.22
turkey oak,B,8,Buried,18,11.85
turkey oak,B,9,Buried,18,13.39
turkey oak,B,10,Buried,18,50.71
turkey oak,B,11,Buried,18,56.53
turkey oak,B,12,Buried,18,75.26
,,,,,
turkey oak,C,1,Buried,18,37.59
turkey oak,C,2,Buried,18,9.16
turkey oak,C,3,Buried,18,43.97
turkey oak,C,4,Buried,18,64.73
turkey oak,C,6,Buried,18,54.67
turkey oak,C,7,Buried,18,20.39
turkey oak,C,8,Buried,18,29.78
turkey oak,C,9,Buried,18,32.37
turkey oak,C,10,Buried,18,29.74
turkey oak,C,11,Buried,18,65.19
turkey oak,C,12,Buried,18,29.61
,,,,,
,,,,,
turkey oak,A,1,Buried,24,14.11
turkey oak,A,3,Buried,24,37.7
turkey oak,A,4,Buried,24,45.44
turkey oak,A,5,Buried,24,40.9
turkey oak,A,6,Buried,24,23.91
turkey oak,A,7,Buried,24,33.18
turkey oak,A,8,Buried,24,70.25
turkey oak,A,9,Buried,24,29.31
turkey oak,A,11,Buried,24,27.27
turkey oak,A,12,Buried,24,25
,,,,,
turkey oak,B,1,Buried,24,29.51
turkey oak,B,2,Buried,24,23.44
turkey oak,B,4,Buried,24,63.87
turkey oak,B,5,Buried,24,60.97
turkey oak,B,6,Buried,24,17.73
turkey oak,B,7,Buried,24,53.98
turkey oak,B,8,Buried,24,3.48
turkey oak,B,9,Buried,24,6.94
turkey oak,B,10,Buried,24,30.59
turkey oak,B,10,Buried,24,74.11
,,,,,
turkey oak,C,1,Buried,24,16.93
turkey oak,C,2,Buried,24,29.46
turkey oak,C,3,Buried,24,37.3
turkey oak,C,4,Buried,24,17.7
turkey oak,C,5,Buried,24,38.52
turkey oak,C,6,Buried,24,26.59
turkey oak,C,7,Buried,24,9.54
turkey oak,C,8,Buried,24,37.4
turkey oak,C,9,Buried,24,28.4
turkey oak,C,10,Buried,24,13.23
turkey oak,C,11,Buried,24,14.39
turkey oak,C,12,Buried,24,13.21
,,,,,
,,,,,
turkey oak,A,3,Buried,36,18.28
turkey oak,A,4,Buried,36,69.99
turkey oak,A,5,Buried,36,19.28
turkey oak,A,6,Buried,36,19.34
turkey oak,A,8,Buried,36,17.31
turkey oak,A,9,Buried,36,24.93
turkey oak,A,11,Buried,36,28.17
turkey oak,A,12,Buried,36,40.2
,,,,,
turkey oak,B,4,Buried,36,9.6
turkey oak,B,6,Buried,36,27.89
turkey oak,B,7,Buried,36,18.96
turkey oak,B,8,Buried,36,6.52
turkey oak,B,9,Buried,36,17.88
turkey oak,B,11,Buried,36,22.87
turkey oak,B,11,Buried,36,23.58
turkey oak,B,12,Buried,36,14.17
,,,,,
turkey oak,C,1,Buried,36,15.74
turkey oak,C,3,Buried,36,8.23
turkey oak,C,4,Buried,36,22.96
turkey oak,C,5,Buried,36,24.35
turkey oak,C,7,Buried,36,0.49
turkey oak,C,11,Buried,36,5.25
turkey oak,C,12,Buried,36,21.26
,,,,,
,,,,,
turkey oak,A,4,Buried,48,22.26
turkey oak,A,6,Buried,48,22.97
turkey oak,A,6,Buried,48,33.15
turkey oak,A,7,Buried,48,29.2
turkey oak,A,8,Buried,48,16.16
turkey oak,A,9,Buried,48,15.44
,,,,,
turkey oak,B,2,Buried,48,31.03
turkey oak,B,5,Buried,48,26.64
turkey oak,B,7,Buried,48,6.45
turkey oak,B,8,Buried,48,11.99
turkey oak,B,9,Buried,48,21.12
turkey oak,B,12,Buried,48,20.81
,,,,,
turkey oak,C,2,Buried,48,6.12
turkey oak,C,3,Buried,48,15.73
turkey oak,C,4,Buried,48,17.71
turkey oak,C,5,Buried,48,22.93
turkey oak,C,7,Buried,48,54.13
turkey oak,C,11,Buried,48,21.1
,,,,,
turkey oak,A,1,Surface,6,110.58
turkey oak,A,2,Surface,6,94.91
turkey oak,A,3,Surface,6,100.05
turkey oak,A,4,Surface,6,99.89
turkey oak,A,5,Surface,6,87.45
turkey oak,A,6,Surface,6,97.67
turkey oak,A,7,Surface,6,101.68
turkey oak,A,8,Surface,6,112.41
turkey oak,A,9,Surface,6,95.42
turkey oak,A,10,Surface,6,95.54
turkey oak,A,10,Surface,6,100.8
turkey oak,A,11,Surface,6,107.77
,,,,,
turkey oak,B,1,Surface,6,115.3
turkey oak,B,2,Surface,6,108
turkey oak,B,3,Surface,6,101.01
turkey oak,B,4,Surface,6,95.25
turkey oak,B,5,Surface,6,101.57
turkey oak,B,6,Surface,6,125.76
turkey oak,B,7,Surface,6,109.79
turkey oak,B,8,Surface,6,109.87
turkey oak,B,10,Surface,6,120.58
turkey oak,B,11,Surface,6,106.62
turkey oak,B,11,Surface,6,121.03
turkey oak,B,12,Surface,6,106.73
,,,,,
turkey oak,C,1,Surface,6,103.02
turkey oak,C,2,Surface,6,103.49
turkey oak,C,3,Surface,6,105.8
turkey oak,C,4,Surface,6,93.51
turkey oak,C,4,Surface,6,114.42
turkey oak,C,6,Surface,6,108.41
turkey oak,C,6,Surface,6,122.87
turkey oak,C,7,Surface,6,103.91
turkey oak,C,8,Surface,6,128.15
turkey oak,C,9,Surface,6,105.96
turkey oak,C,10,Surface,6,98.54
turkey oak,C,11,Surface,6,114.91
turkey oak,C,12,Surface,6,114.47
,,,,,
,,,,,
turkey oak,A,1,Surface,12,138.16
turkey oak,A,2,Surface,12,106.23
turkey oak,A,4,Surface,12,123.78
turkey oak,A,5,Surface,12,106.02
turkey oak,A,6,Surface,12,92.43
turkey oak,A,7,Surface,12,119.17
turkey oak,A,8,Surface,12,103.84
turkey oak,A,9,Surface,12,49.77
turkey oak,A,9,Surface,12,98.58
turkey oak,A,11,Surface,12,113.32
turkey oak,A,12,Surface,12,114.81
turkey oak,A,12,Surface,12,123.33
,,,,,
turkey oak,B,1,Surface,12,122.37
turkey oak,B,2,Surface,12,111.41
turkey oak,B,3,Surface,12,112.89
turkey oak,B,4,Surface,12,112.71
turkey oak,B,5,Surface,12,90.9
turkey oak,B,6,Surface,12,96.46
turkey oak,B,7,Surface,12,115.07
turkey oak,B,8,Surface,12,116.5
turkey oak,B,9,Surface,12,103.27
turkey oak,B,10,Surface,12,62.6
turkey oak,B,11,Surface,12,83.04
turkey oak,B,11,Surface,12,119.21
turkey oak,B,12,Surface,12,102.05
,,,,,
turkey oak,C,1,Surface,12,112.59
turkey oak,C,2,Surface,12,90.87
turkey oak,C,3,Surface,12,129.96
turkey oak,C,5,Surface,12,118.95
turkey oak,C,6,Surface,12,107.99
turkey oak,C,7,Surface,12,131.5
turkey oak,C,8,Surface,12,108.81
turkey oak,C,9,Surface,12,96.19
turkey oak,C,10,Surface,12,100.84
turkey oak,C,11,Surface,12,97.47
turkey oak,C,12,Surface,12,107.19
,,,,,
,,,,,
turkey oak,A,1,Surface,18,119.2
turkey oak,A,2,Surface,18,106.08
turkey oak,A,3,Surface,18,99.4
turkey oak,A,4,Surface,18,85.84
turkey oak,A,5,Surface,18,104.14
turkey oak,A,6,Surface,18,114.72
turkey oak,A,7,Surface,18,104.06
turkey oak,A,8,Surface,18,97.01
turkey oak,A,9,Surface,18,87.14
turkey oak,A,10,Surface,18,90.06
turkey oak,A,11,Surface,18,103.86
turkey oak,A,12,Surface,18,72.28
,,,,,
turkey oak,B,1,Surface,18,106.74
turkey oak,B,2,Surface,18,34.68
turkey oak,B,3,Surface,18,88.67
turkey oak,B,4,Surface,18,93.14
turkey oak,B,5,Surface,18,92.7
turkey oak,B,6,Surface,18,102.85
turkey oak,B,7,Surface,18,112.65
turkey oak,B,8,Surface,18,98.85
turkey oak,B,9,Surface,18,107.53
turkey oak,B,10,Surface,18,112.65
turkey oak,B,11,Surface,18,99.92
turkey oak,B,12,Surface,18,113.41
,,,,,
turkey oak,C,1,Surface,18,109.39
turkey oak,C,2,Surface,18,92.16
turkey oak,C,3,Surface,18,97.95
turkey oak,C,4,Surface,18,108.58
turkey oak,C,5,Surface,18,114.68
turkey oak,C,6,Surface,18,69.15
turkey oak,C,7,Surface,18,93.81
turkey oak,C,8,Surface,18,116
turkey oak,C,9,Surface,18,96.89
turkey oak,C,10,Surface,18,102.99
turkey oak,C,11,Surface,18,95.26
turkey oak,C,12,Surface,18,113.24
,,,,,
,,,,,
turkey oak,A,1,Surface,24,93.19
turkey oak,A,2,Surface,24,129.51
turkey oak,A,3,Surface,24,99.82
turkey oak,A,4,Surface,24,91.45
turkey oak,A,5,Surface,24,98.51
turkey oak,A,6,Surface,24,104.12
turkey oak,A,7,Surface,24,86.16
turkey oak,A,8,Surface,24,96.9
turkey oak,A,9,Surface,24,99.96
turkey oak,A,10,Surface,24,67.67
turkey oak,A,11,Surface,24,119.17
turkey oak,A,12,Surface,24,95.04
,,,,,
turkey oak,B,1,Surface,24,98.98
turkey oak,B,2,Surface,24,111.61
turkey oak,B,3,Surface,24,105.87
turkey oak,B,4,Surface,24,109.25
turkey oak,B,5,Surface,24,91.57
turkey oak,B,6,Surface,24,95.01
turkey oak,B,7,Surface,24,97.02
turkey oak,B,8,Surface,24,113.66
turkey oak,B,9,Surface,24,116.84
turkey oak,B,10,Surface,24,99.17
turkey oak,B,10,Surface,24,106.21
turkey oak,B,12,Surface,24,105.96
,,,,,
turkey oak,C,1,Surface,24,97.64
turkey oak,C,2,Surface,24,94.72
turkey oak,C,3,Surface,24,88.86
turkey oak,C,4,Surface,24,101.59
turkey oak,C,5,Surface,24,87.18
turkey oak,C,6,Surface,24,81.46
turkey oak,C,7,Surface,24,83.59
turkey oak,C,8,Surface,24,80.35
turkey oak,C,9,Surface,24,93.67
turkey oak,C,10,Surface,24,104.84
turkey oak,C,11,Surface,24,86.51
turkey oak,C,12,Surface,24,95.23
,,,,,
,,,,,
turkey oak,A,1,Surface,36,74.14
turkey oak,A,2,Surface,36,86.28
turkey oak,A,3,Surface,36,88.85
turkey oak,A,4,Surface,36,61.64
turkey oak,A,5,Surface,36,109.06
turkey oak,A,6,Surface,36,102.42
turkey oak,A,7,Surface,36,91.45
turkey oak,A,8,Surface,36,86.67
turkey oak,A,9,Surface,36,99.97
turkey oak,A,10,Surface,36,66.4
turkey oak,A,11,Surface,36,68.75
turkey oak,A,12,Surface,36,53.56
,,,,,
turkey oak,B,1,Surface,36,76.65
turkey oak,B,2,Surface,36,94.86
turkey oak,B,4,Surface,36,84.62
turkey oak,B,5,Surface,36,79.11
turkey oak,B,6,Surface,36,113.67
turkey oak,B,7,Surface,36,49.11
turkey oak,B,8,Surface,36,94.6
turkey oak,B,9,Surface,36,92.88
turkey oak,B,11,Surface,36,87.9
turkey oak,B,11,Surface,36,120.46
turkey oak,B,12,Surface,36,87.83
,,,,,
turkey oak,C,1,Surface,36,88.35
turkey oak,C,2,Surface,36,54.97
turkey oak,C,3,Surface,36,78.4
turkey oak,C,4,Surface,36,60.8
turkey oak,C,5,Surface,36,91.77
turkey oak,C,7,Surface,36,117.44
turkey oak,C,8,Surface,36,85.62
turkey oak,C,9,Surface,36,81.17
turkey oak,C,10,Surface,36,92.31
turkey oak,C,11,Surface,36,104.57
turkey oak,C,12,Surface,36,93.97
,,,,,
,,,,,
turkey oak,A,1,Surface,48,75.1
turkey oak,A,2,Surface,48,30.59
turkey oak,A,3,Surface,48,79.14
turkey oak,A,4,Surface,48,31.65
turkey oak,A,6,Surface,48,27.95
turkey oak,A,6,Surface,48,65.1
turkey oak,A,6,Surface,48,86.98
turkey oak,A,8,Surface,48,96.81
turkey oak,A,9,Surface,48,82.46
turkey oak,A,10,Surface,48,79.43
turkey oak,A,11,Surface,48,86.89
turkey oak,A,12,Surface,48,30.21
,,,,,
turkey oak,B,1,Surface,48,70.24
turkey oak,B,1,Surface,48,95.46
turkey oak,B,2,Surface,48,85.44
turkey oak,B,3,Surface,48,81.65
turkey oak,B,3,Surface,48,87.07
turkey oak,B,5,Surface,48,58.63
turkey oak,B,6,Surface,48,73.73
turkey oak,B,8,Surface,48,92.06
turkey oak,B,9,Surface,48,94.11
turkey oak,B,9,Surface,48,99.62
turkey oak,B,10,Surface,48,91.84
,,,,,
turkey oak,C,2,Surface,48,47.42
turkey oak,C,3,Surface,48,60.71
turkey oak,C,4,Surface,48,97.73
turkey oak,C,5,Surface,48,97.21
turkey oak,C,7,Surface,48,88.41
turkey oak,C,8,Surface,48,80.4
turkey oak,C,10,Surface,48,118.46
turkey oak,C,11,Surface,48,81.31
turkey oak,C,11,Surface,48,93.88
turkey oak,C,12,Surface,48,92.81
,,,,,
pine,A,1,Buried,6,118.36
pine,A,2,Buried,6,112.33
pine,A,3,Buried,6,122.64
pine,A,4,Buried,6,90.52
pine,A,5,Buried,6,92.43
pine,A,6,Buried,6,97.37
pine,A,7,Buried,6,109.81
pine,A,8,Buried,6,140.78
pine,A,9,Buried,6,134
pine,A,10,Buried,6,87.37
pine,A,10,Buried,6,119.26
pine,A,11,Buried,6,96.21
,,,,,
pine,B,1,Buried,6,107.66
pine,B,2,Buried,6,105.48
pine,B,3,Buried,6,95.04
pine,B,4,Buried,6,130.75
pine,B,5,Buried,6,118.75
pine,B,6,Buried,6,118.07
pine,B,7,Buried,6,127.89
pine,B,8,Buried,6,139.64
pine,B,10,Buried,6,98.22
pine,B,11,Buried,6,94.95
pine,B,11,Buried,6,96.86
pine,B,12,Buried,6,136.73
,,,,,
pine,C,1,Buried,6,124.33
pine,C,2,Buried,6,123.31
pine,C,3,Buried,6,98.51
pine,C,4,Buried,6,111.88
pine,C,6,Buried,6,113.02
pine,C,7,Buried,6,110.67
pine,C,8,Buried,6,90.21
pine,C,9,Buried,6,128.15
pine,C,10,Buried,6,128.43
pine,C,11,Buried,6,131.58
pine,C,12,Buried,6,129.16
,,,,,
,,,,,
pine,A,1,Buried,12,86.95
pine,A,2,Buried,12,102.97
pine,A,3,Buried,12,70.32
pine,A,4,Buried,12,93.17
pine,A,5,Buried,12,96.39
pine,A,6,Buried,12,93.19
pine,A,8,Buried,12,104.89
pine,A,9,Buried,12,99.26
pine,A,11,Buried,12,117.77
pine,A,12,Buried,12,84.58
pine,A,12,Buried,12,117.28
,,,,,
pine,B,1,Buried,12,85.95
pine,B,3,Buried,12,82.55
pine,B,4,Buried,12,105.44
pine,B,5,Buried,12,116.1
pine,B,7,Buried,12,92.55
pine,B,8,Buried,12,113.33
pine,B,9,Buried,12,105.51
pine,B,10,Buried,12,97.14
pine,B,11,Buried,12,25.92
pine,B,11,Buried,12,108.34
pine,B,12,Buried,12,106.22
,,,,,
pine,C,1,Buried,12,86.89
pine,C,2,Buried,12,96.16
pine,C,2,Buried,12,112.69
pine,C,3,Buried,12,108.62
pine,C,5,Buried,12,83.31
pine,C,5,Buried,12,93.26
pine,C,6,Buried,12,102.37
pine,C,6,Buried,12,107.52
pine,C,7,Buried,12,100.73
pine,C,8,Buried,12,106.33
pine,C,9,Buried,12,91.22
pine,C,10,Buried,12,104.57
pine,C,11,Buried,12,106.79
pine,C,12,Buried,12,105.41
,,,,,
,,,,,
pine,A,1,Buried,18,75.67
pine,A,2,Buried,18,57.44
pine,A,3,Buried,18,22.91
pine,A,4,Buried,18,73.2
pine,A,5,Buried,18,68.34
pine,A,6,Buried,18,53
pine,A,7,Buried,18,50.11
pine,A,8,Buried,18,79.48
pine,A,9,Buried,18,120.52
pine,A,10,Buried,18,26.89
pine,A,11,Buried,18,100.59
pine,A,12,Buried,18,120.88
,,,,,
pine,B,1,Buried,18,73.55
pine,B,2,Buried,18,31.02
pine,B,3,Buried,18,64.59
pine,B,5,Buried,18,52.71
pine,B,6,Buried,18,77.99
pine,B,7,Buried,18,79.69
pine,B,8,Buried,18,61.4
pine,B,8,Buried,18,92.33
pine,B,9,Buried,18,84.34
pine,B,10,Buried,18,55.14
pine,B,11,Buried,18,63.07
pine,B,12,Buried,18,83.76
,,,,,
pine,C,1,Buried,18,45.82
pine,C,2,Buried,18,43.26
pine,C,3,Buried,18,14.95
pine,C,4,Buried,18,63.87
pine,C,5,Buried,18,85.6
pine,C,6,Buried,18,116.48
pine,C,7,Buried,18,79.43
pine,C,8,Buried,18,87.28
pine,C,9,Buried,18,55.97
pine,C,11,Buried,18,97.01
pine,C,12,Buried,18,38.46
,,,,,
,,,,,
pine,A,1,Buried,24,68.23
pine,A,2,Buried,24,53.11
pine,A,3,Buried,24,29.82
pine,A,5,Buried,24,65.82
pine,A,6,Buried,24,47.29
pine,A,7,Buried,24,32.7
pine,A,8,Buried,24,54.65
pine,A,9,Buried,24,63.44
pine,A,10,Buried,24,26.54
pine,A,11,Buried,24,86.65
,,,,,
,,,,,
pine,B,1,Buried,24,31.99
pine,B,2,Buried,24,19.69
pine,B,3,Buried,24,44.44
pine,B,4,Buried,24,68.43
pine,B,5,Buried,24,37.22
pine,B,6,Buried,24,86.92
pine,B,8,Buried,24,29.94
pine,B,9,Buried,24,55.23
pine,B,12,Buried,24,81.39
,,,,,
pine,C,1,Buried,24,75.3
pine,C,2,Buried,24,97.75
pine,C,3,Buried,24,88.89
pine,C,4,Buried,24,52.16
pine,C,5,Buried,24,45.11
pine,C,6,Buried,24,27.68
pine,C,7,Buried,24,31.25
pine,C,8,Buried,24,46.9
pine,C,9,Buried,24,73.66
pine,C,10,Buried,24,21.59
pine,C,11,Buried,24,41.09
pine,C,12,Buried,24,43.52
,,,,,
,,,,,
pine,A,1,Buried,36,27.96
pine,A,5,Buried,36,33.38
pine,A,7,Buried,36,26.96
pine,A,9,Buried,36,36.5
pine,A,11,Buried,36,65.25
pine,A,12,Buried,36,36.46
,,,,,
pine,B,1,Buried,36,17.28
pine,B,2,Buried,36,58.2
pine,B,4,Buried,36,28.51
pine,B,5,Buried,36,36.51
pine,B,6,Buried,36,16.35
pine,B,9,Buried,36,64.27
pine,B,10,Buried,36,26.38
pine,B,11,Buried,36,47.34
pine,B,12,Buried,36,63.86
,,,,,
pine,C,2,Buried,36,5.82
pine,C,2,Buried,36,9.51
pine,C,3,Buried,36,41.24
pine,C,4,Buried,36,11.47
pine,C,5,Buried,36,10.09
pine,C,7,Buried,36,52.42
pine,C,10,Buried,36,98.86
pine,C,11,Buried,36,61.62
,,,,,
,,,,,
pine,A,2,Buried,48,39.81
pine,A,4,Buried,48,39.51
pine,A,8,Buried,48,69.25
pine,A,9,Buried,48,53.92
pine,A,12,Buried,48,64.22
,,,,,
pine,B,2,Buried,48,46.58
pine,B,5,Buried,48,27.51
pine,B,8,Buried,48,42.83
pine,B,8,Buried,48,65.79
pine,B,9,Buried,48,20.14
pine,B,10,Buried,48,57.95
pine,B,12,Buried,48,19.53
,,,,,
pine,C,3,Buried,48,18.81
pine,C,4,Buried,48,46.36
pine,C,5,Buried,48,35.11
pine,C,7,Buried,48,52.8
pine,C,9,Buried,48,30.65
pine,C,10,Buried,48,38.5
pine,C,11,Buried,48,52.04
pine,C,12,Buried,48,41.89
,,,,,
pine,A,1,Surface,6,121.88
pine,A,2,Surface,6,72.94
pine,A,2,Surface,6,74.25
pine,A,3,Surface,6,106.62
pine,A,4,Surface,6,92.39
pine,A,5,Surface,6,107.24
pine,A,6,Surface,6,104.61
pine,A,7,Surface,6,110.43
pine,A,8,Surface,6,111.8
pine,A,9,Surface,6,98.1
pine,A,10,Surface,6,84.56
pine,A,10,Surface,6,108.78
pine,A,11,Surface,6,84.08
,,,,,
pine,B,1,Surface,6,130.72
pine,B,2,Surface,6,95.02
pine,B,3,Surface,6,99.84
pine,B,4,Surface,6,143.86
pine,B,5,Surface,6,106.51
pine,B,6,Surface,6,128.82
pine,B,7,Surface,6,93.28
pine,B,8,Surface,6,133.15
pine,B,10,Surface,6,99.22
pine,B,11,Surface,6,103.56
pine,B,11,Surface,6,107.43
pine,B,12,Surface,6,145.96
,,,,,
pine,C,1,Surface,6,109.93
pine,C,2,Surface,6,118.16
pine,C,3,Surface,6,102.42
pine,C,4,Surface,6,103.14
pine,C,4,Surface,6,114.17
pine,C,4,Surface,6,118.38
pine,C,6,Surface,6,92.33
pine,C,7,Surface,6,106.82
pine,C,8,Surface,6,133.14
pine,C,9,Surface,6,108.54
pine,C,10,Surface,6,97.83
pine,C,11,Surface,6,114.44
pine,C,12,Surface,6,146.21
,,,,,
,,,,,
pine,A,1,Surface,12,82.36
pine,A,3,Surface,12,86.55
pine,A,4,Surface,12,94.78
pine,A,5,Surface,12,108.78
pine,A,6,Surface,12,97.23
pine,A,7,Surface,12,107.66
pine,A,8,Surface,12,86.6
pine,A,9,Surface,12,126.66
pine,A,11,Surface,12,114.6
pine,A,12,Surface,12,88.77
pine,A,12,Surface,12,123.86
,,,,,
pine,B,1,Surface,12,123.5
pine,B,3,Surface,12,130.43
pine,B,4,Surface,12,125.3
pine,B,5,Surface,12,131.94
pine,B,7,Surface,12,125.09
pine,B,8,Surface,12,126.68
pine,B,9,Surface,12,115.21
pine,B,10,Surface,12,111.89
pine,B,11,Surface,12,117.4
pine,B,11,Surface,12,121.03
pine,B,12,Surface,12,116.04
,,,,,
pine,C,1,Surface,12,107.91
pine,C,2,Surface,12,105.2
pine,C,2,Surface,12,108.68
pine,C,3,Surface,12,113.82
pine,C,5,Surface,12,89.72
pine,C,5,Surface,12,113.38
pine,C,6,Surface,12,100.18
pine,C,6,Surface,12,132.12
pine,C,7,Surface,12,106.81
pine,C,8,Surface,12,98.11
pine,C,9,Surface,12,106.58
pine,C,10,Surface,12,119.76
pine,C,11,Surface,12,115.79
pine,C,12,Surface,12,117.25
,,,,,
,,,,,
pine,A,1,Surface,18,99.12
pine,A,2,Surface,18,94.26
pine,A,3,Surface,18,120.46
pine,A,4,Surface,18,94.22
pine,A,5,Surface,18,86.24
pine,A,6,Surface,18,126.72
pine,A,7,Surface,18,134.09
pine,A,8,Surface,18,139.55
pine,A,9,Surface,18,108.6
pine,A,10,Surface,18,115.36
pine,A,11,Surface,18,164.28
pine,A,12,Surface,18,122.88
,,,,,
pine,B,1,Surface,18,71.59
pine,B,2,Surface,18,91.5
pine,B,3,Surface,18,85.72
pine,B,4,Surface,18,119.91
pine,B,5,Surface,18,104.58
pine,B,6,Surface,18,94.95
pine,B,7,Surface,18,103.03
pine,B,8,Surface,18,86.97
pine,B,9,Surface,18,115.41
pine,B,10,Surface,18,115.99
pine,B,11,Surface,18,136.16
pine,B,12,Surface,18,100.13
,,,,,
pine,C,1,Surface,18,154.79
pine,C,2,Surface,18,109.76
pine,C,3,Surface,18,69.07
pine,C,4,Surface,18,124.56
pine,C,5,Surface,18,117.41
pine,C,6,Surface,18,122.02
pine,C,7,Surface,18,118.95
pine,C,8,Surface,18,129.91
pine,C,9,Surface,18,84.89
pine,C,11,Surface,18,134.05
pine,C,12,Surface,18,93.17
,,,,,
,,,,,
pine,A,1,Surface,24,123.42
pine,A,2,Surface,24,108.31
pine,A,3,Surface,24,107.41
pine,A,4,Surface,24,98.51
pine,A,5,Surface,24,104.21
pine,A,6,Surface,24,117.69
pine,A,7,Surface,24,98.68
pine,A,8,Surface,24,104.98
pine,A,9,Surface,24,115.79
pine,A,10,Surface,24,86.22
pine,A,11,Surface,24,97.39
pine,A,12,Surface,24,88.89
,,,,,
pine,B,1,Surface,24,103.36
pine,B,2,Surface,24,119.19
pine,B,3,Surface,24,114.39
pine,B,4,Surface,24,94.75
pine,B,6,Surface,24,129.93
pine,B,7,Surface,24,103.4
pine,B,8,Surface,24,98.34
pine,B,9,Surface,24,116.13
pine,B,10,Surface,24,87.76
pine,B,12,Surface,24,115.25
,,,,,
pine,C,1,Surface,24,98.04
pine,C,2,Surface,24,95.43
pine,C,3,Surface,24,89.7
pine,C,4,Surface,24,110.56
pine,C,5,Surface,24,85.13
pine,C,6,Surface,24,121.01
pine,C,7,Surface,24,110.03
pine,C,8,Surface,24,102.4
pine,C,9,Surface,24,100.29
pine,C,11,Surface,24,107.08
pine,C,12,Surface,24,114.14
,,,,,
,,,,,
pine,A,1,Surface,36,93.47
pine,A,3,Surface,36,91.66
pine,A,3,Surface,36,120.51
pine,A,4,Surface,36,73.33
pine,A,5,Surface,36,93.54
pine,A,6,Surface,36,117.85
pine,A,7,Surface,36,85.8
pine,A,8,Surface,36,99.35
pine,A,9,Surface,36,72.83
pine,A,10,Surface,36,102.33
pine,A,11,Surface,36,86.03
pine,A,12,Surface,36,80.17
,,,,,
pine,B,1,Surface,36,99.42
pine,B,2,Surface,36,103.49
pine,B,4,Surface,36,106.18
pine,B,5,Surface,36,105.68
pine,B,6,Surface,36,107.35
pine,B,8,Surface,36,96.29
pine,B,9,Surface,36,88.25
pine,B,10,Surface,36,95.45
pine,B,11,Surface,36,117.92
pine,B,12,Surface,36,126.23
,,,,,
pine,C,1,Surface,36,82.94
pine,C,2,Surface,36,100.35
pine,C,4,Surface,36,104.38
pine,C,5,Surface,36,107.63
pine,C,7,Surface,36,78.28
pine,C,10,Surface,36,102.18
pine,C,12,Surface,36,94.75
,,,,,
,,,,,
pine,A,1,Surface,48,79.73
pine,A,2,Surface,48,59.75
pine,A,3,Surface,48,114.08
pine,A,4,Surface,48,109.66
pine,A,5,Surface,48,97.36
pine,A,6,Surface,48,108.98
pine,A,7,Surface,48,39.29
pine,A,8,Surface,48,131.47
pine,A,9,Surface,48,117.6
pine,A,10,Surface,48,73.34
pine,A,11,Surface,48,115.61
pine,A,12,Surface,48,81.66
,,,,,
pine,B,1,Surface,48,63.71
pine,B,2,Surface,48,119.27
pine,B,4,Surface,48,127.54
pine,B,5,Surface,48,108.15
pine,B,8,Surface,48,111.85
pine,B,9,Surface,48,90.48
pine,B,9,Surface,48,96.06
pine,B,10,Surface,48,125.15
pine,B,12,Surface,48,92.11
,,,,,
pine,C,3,Surface,48,90.83
pine,C,4,Surface,48,123.2
pine,C,5,Surface,48,125.89
pine,C,8,Surface,48,107.84
pine,C,10,Surface,48,110.89
pine,C,11,Surface,48,103.17
pine,C,12,Surface,48,111.67
,,,,,
Mixed,A,1,Buried,6,69.41
Mixed,A,2,Buried,6,73.75
Mixed,A,3,Buried,6,89.42
Mixed,A,4,Buried,6,99.56
Mixed,A,6,Buried,6,64.02
Mixed,A,7,Buried,6,87.48
Mixed,A,8,Buried,6,63.43
Mixed,A,9,Buried,6,78.3
Mixed,A,10,Buried,6,75.43
Mixed,A,10,Buried,6,91.92
Mixed,A,11,Buried,6,103.19
,,,,,
Mixed,B,1,Buried,6,54
Mixed,B,2,Buried,6,69.95
Mixed,B,3,Buried,6,133.67
Mixed,B,4,Buried,6,123
Mixed,B,5,Buried,6,73.12
Mixed,B,6,Buried,6,100.71
Mixed,B,7,Buried,6,63.68
Mixed,B,8,Buried,6,112.63
Mixed,B,10,Buried,6,102.5
Mixed,B,11,Buried,6,61.66
Mixed,B,11,Buried,6,91.15
Mixed,B,12,Buried,6,98.28
,,,,,
Mixed,C,1,Buried,6,110.47
Mixed,C,2,Buried,6,110.84
Mixed,C,3,Buried,6,73.43
Mixed,C,4,Buried,6,93.9
Mixed,C,4,Buried,6,99.88
Mixed,C,6,Buried,6,86.51
Mixed,C,7,Buried,6,97.29
Mixed,C,9,Buried,6,105.88
Mixed,C,10,Buried,6,88.09
Mixed,C,11,Buried,6,103.75
Mixed,C,12,Buried,6,80.96
,,,,,
,,,,,
Mixed,A,1,Buried,12,108.14
Mixed,A,2,Buried,12,77.89
Mixed,A,3,Buried,12,105.17
Mixed,A,4,Buried,12,97.46
Mixed,A,5,Buried,12,63.12
Mixed,A,6,Buried,12,65.4
Mixed,A,7,Buried,12,61.39
Mixed,A,8,Buried,12,71.04
Mixed,A,9,Buried,12,71.56
Mixed,A,11,Buried,12,72.18
Mixed,A,12,Buried,12,67.46
Mixed,A,12,Buried,12,87.58
,,,,,
Mixed,B,1,Buried,12,74.46
Mixed,B,2,Buried,12,74.4
Mixed,B,4,Buried,12,77.33
Mixed,B,5,Buried,12,52.42
Mixed,B,6,Buried,12,97.51
Mixed,B,7,Buried,12,93.38
Mixed,B,8,Buried,12,53.25
Mixed,B,9,Buried,12,90.3
Mixed,B,10,Buried,12,95.38
Mixed,B,11,Buried,12,96.12
Mixed,B,12,Buried,12,93.3
,,,,,
Mixed,C,1,Buried,12,81.45
Mixed,C,2,Buried,12,58.33
Mixed,C,3,Buried,12,25.3
Mixed,C,3,Buried,12,51.7
Mixed,C,5,Buried,12,63.87
Mixed,C,5,Buried,12,81.57
Mixed,C,6,Buried,12,91.45
Mixed,C,7,Buried,12,87.57
Mixed,C,8,Buried,12,88.68
Mixed,C,9,Buried,12,96.51
Mixed,C,10,Buried,12,66.34
Mixed,C,11,Buried,12,100.94
Mixed,C,12,Buried,12,91.83
,,,,,
,,,,,
Mixed,A,1,Buried,18,23.19
Mixed,A,2,Buried,18,47.5
Mixed,A,3,Buried,18,36.25
Mixed,A,5,Buried,18,43.36
Mixed,A,6,Buried,18,29.42
Mixed,A,7,Buried,18,37.59
Mixed,A,8,Buried,18,62.5
Mixed,A,9,Buried,18,42.49
Mixed,A,10,Buried,18,27.94
Mixed,A,11,Buried,18,44.48
Mixed,A,12,Buried,18,25.69
,,,,,
Mixed,B,1,Buried,18,32.2
Mixed,B,2,Buried,18,59.75
Mixed,B,4,Buried,18,28.86
Mixed,B,5,Buried,18,45.17
Mixed,B,6,Buried,18,45.39
Mixed,B,7,Buried,18,18.7
Mixed,B,8,Buried,18,37.23
Mixed,B,9,Buried,18,45.43
Mixed,B,10,Buried,18,47.72
Mixed,B,11,Buried,18,39.08
Mixed,B,12,Buried,18,62.3
,,,,,
Mixed,C,1,Buried,18,54.36
Mixed,C,2,Buried,18,59.9
Mixed,C,3,Buried,18,28.74
Mixed,C,4,Buried,18,33.07
Mixed,C,6,Buried,18,58.97
Mixed,C,7,Buried,18,29.6
Mixed,C,8,Buried,18,71.38
Mixed,C,9,Buried,18,53.22
Mixed,C,10,Buried,18,20.75
Mixed,C,11,Buried,18,31.66
Mixed,C,12,Buried,18,40.65
,,,,,
,,,,,
Mixed,A,1,Buried,24,67.22
Mixed,A,4,Buried,24,33.18
Mixed,A,5,Buried,24,52.56
Mixed,A,6,Buried,24,35.38
Mixed,A,7,Buried,24,35.16
Mixed,A,9,Buried,24,62.85
Mixed,A,10,Buried,24,35.89
Mixed,A,12,Buried,24,29.02
,,,,,
Mixed,B,1,Buried,24,47.29
Mixed,B,2,Buried,24,14.16
Mixed,B,3,Buried,24,57.54
Mixed,B,4,Buried,24,19.5
Mixed,B,5,Buried,24,31.84
Mixed,B,6,Buried,24,55.33
Mixed,B,7,Buried,24,44.08
Mixed,B,8,Buried,24,37.23
Mixed,B,9,Buried,24,55.5
Mixed,B,10,Buried,24,13.36
Mixed,B,11,Buried,24,67.95
Mixed,B,12,Buried,24,59.97
,,,,,
Mixed,C,1,Buried,24,33.99
Mixed,C,4,Buried,24,45.08
Mixed,C,6,Buried,24,25.14
Mixed,C,9,Buried,24,55.36
Mixed,C,12,Buried,24,36.6
,,,,,
,,,,,
,,,,,
Mixed,A,12,Buried,48,27.02
,,,,,
Mixed,A,1,Surface,6,86.21
Mixed,A,2,Surface,6,67.44
Mixed,A,3,Surface,6,96.34
Mixed,A,4,Surface,6,101.56
Mixed,A,5,Surface,6,69.53
Mixed,A,6,Surface,6,92.98
Mixed,A,7,Surface,6,77.59
Mixed,A,8,Surface,6,87.11
Mixed,A,9,Surface,6,79.07
Mixed,A,10,Surface,6,90.26
Mixed,A,10,Surface,6,92.23
Mixed,A,11,Surface,6,72.7
,,,,,
Mixed,B,1,Surface,6,115.78
Mixed,B,2,Surface,6,90.24
Mixed,B,3,Surface,6,100.11
Mixed,B,4,Surface,6,92.69
Mixed,B,5,Surface,6,66.62
Mixed,B,6,Surface,6,127.12
Mixed,B,7,Surface,6,67.03
Mixed,B,8,Surface,6,77
Mixed,B,10,Surface,6,96.04
Mixed,B,11,Surface,6,98.07
Mixed,B,11,Surface,6,100.04
Mixed,B,12,Surface,6,83.96
,,,,,
Mixed,C,2,Surface,6,96.69
Mixed,C,3,Surface,6,95.15
Mixed,C,4,Surface,6,86.48
Mixed,C,4,Surface,6,101.77
Mixed,C,6,Surface,6,100.52
Mixed,C,8,Surface,6,109.09
Mixed,C,9,Surface,6,106.5
Mixed,C,10,Surface,6,88.7
Mixed,C,11,Surface,6,88.55
Mixed,C,12,Surface,6,97.46
,,,,,
,,,,,
Mixed,A,1,Surface,12,100.62
Mixed,A,1,Surface,12,122.76
Mixed,A,2,Surface,12,102.23
Mixed,A,3,Surface,12,94.98
Mixed,A,4,Surface,12,104.12
Mixed,A,6,Surface,12,85.41
Mixed,A,7,Surface,12,116.14
Mixed,A,8,Surface,12,86.68
Mixed,A,11,Surface,12,102.42
Mixed,A,12,Surface,12,74.97
Mixed,A,12,Surface,12,97.71
,,,,,
Mixed,B,1,Surface,12,100.82
Mixed,B,4,Surface,12,92.87
Mixed,B,5,Surface,12,96.03
Mixed,B,6,Surface,12,94.34
Mixed,B,7,Surface,12,95.89
Mixed,B,8,Surface,12,99.75
Mixed,B,9,Surface,12,105.47
Mixed,B,10,Surface,12,85.12
Mixed,B,11,Surface,12,111.26
Mixed,B,12,Surface,12,97.49
,,,,,
Mixed,C,1,Surface,12,110.48
Mixed,C,2,Surface,12,94.34
Mixed,C,2,Surface,12,100.79
Mixed,C,3,Surface,12,95.9
Mixed,C,3,Surface,12,99.94
Mixed,C,5,Surface,12,99.72
Mixed,C,5,Surface,12,103.97
Mixed,C,6,Surface,12,90.89
Mixed,C,7,Surface,12,94.74
Mixed,C,8,Surface,12,99.4
Mixed,C,9,Surface,12,90.1
Mixed,C,10,Surface,12,93.52
Mixed,C,11,Surface,12,89.44
Mixed,C,12,Surface,12,95.21
,,,,,
,,,,,
Mixed,A,3,Surface,18,88.37
Mixed,A,4,Surface,18,105.81
Mixed,A,5,Surface,18,77.19
Mixed,A,6,Surface,18,83.58
Mixed,A,7,Surface,18,108.11
Mixed,A,8,Surface,18,101.31
Mixed,A,9,Surface,18,102.23
Mixed,A,10,Surface,18,95.62
Mixed,A,11,Surface,18,85.76
,,,,,
Mixed,B,1,Surface,18,86.4
Mixed,B,2,Surface,18,68.98
Mixed,B,3,Surface,18,97.18
Mixed,B,4,Surface,18,86.24
Mixed,B,5,Surface,18,96.52
Mixed,B,6,Surface,18,78.94
Mixed,B,7,Surface,18,86.91
Mixed,B,8,Surface,18,94.64
Mixed,B,9,Surface,18,77.57
Mixed,B,10,Surface,18,74.07
Mixed,B,11,Surface,18,57.43
Mixed,B,12,Surface,18,81.27
,,,,,
Mixed,C,1,Surface,18,72.64
Mixed,C,2,Surface,18,88.73
Mixed,C,3,Surface,18,89.93
Mixed,C,4,Surface,18,100.3
Mixed,C,6,Surface,18,108.97
Mixed,C,7,Surface,18,124.87
Mixed,C,8,Surface,18,83.43
Mixed,C,9,Surface,18,92.15
Mixed,C,10,Surface,18,102.69
Mixed,C,11,Surface,18,91.12
Mixed,C,12,Surface,18,94.8
,,,,,
,,,,,
Mixed,A,1,Surface,24,88.83
Mixed,A,2,Surface,24,89.18
Mixed,A,3,Surface,24,87.04
Mixed,A,4,Surface,24,91.32
Mixed,A,5,Surface,24,69.6
Mixed,A,6,Surface,24,96.37
Mixed,A,7,Surface,24,88.96
Mixed,A,8,Surface,24,89.98
Mixed,A,9,Surface,24,81.87
Mixed,A,10,Surface,24,104.16
Mixed,A,11,Surface,24,73.09
Mixed,A,12,Surface,24,72.96
,,,,,
Mixed,B,1,Surface,24,76.35
Mixed,B,2,Surface,24,83.32
Mixed,B,3,Surface,24,91.01
Mixed,B,4,Surface,24,85.94
Mixed,B,5,Surface,24,117.38
Mixed,B,6,Surface,24,95.91
Mixed,B,7,Surface,24,71.33
Mixed,B,8,Surface,24,138.52
Mixed,B,9,Surface,24,100.56
Mixed,B,10,Surface,24,84.15
Mixed,B,12,Surface,24,92.33
,,,,,
Mixed,C,1,Surface,24,74.6
Mixed,C,2,Surface,24,88.05
Mixed,C,3,Surface,24,150.31
Mixed,C,4,Surface,24,78.14
Mixed,C,5,Surface,24,84.46
Mixed,C,6,Surface,24,93.03
Mixed,C,7,Surface,24,117.51
Mixed,C,8,Surface,24,83.64
Mixed,C,9,Surface,24,86.61
Mixed,C,11,Surface,24,88.15
Mixed,C,12,Surface,24,96.7
,,,,,
,,,,,
Mixed,A,1,Surface,36,88.14
Mixed,A,2,Surface,36,81.16
Mixed,A,3,Surface,36,78.85
Mixed,A,4,Surface,36,66.83
Mixed,A,5,Surface,36,86.23
Mixed,A,6,Surface,36,81.73
Mixed,A,7,Surface,36,63.28
Mixed,A,8,Surface,36,85.93
Mixed,A,9,Surface,36,81.63
Mixed,A,10,Surface,36,83.37
Mixed,A,11,Surface,36,90.58
,,,,,
Mixed,B,1,Surface,36,77.38
Mixed,B,2,Surface,36,80.79
Mixed,B,5,Surface,36,82.6
Mixed,B,6,Surface,36,61.84
Mixed,B,8,Surface,36,149.91
Mixed,B,9,Surface,36,91.11
Mixed,B,10,Surface,36,35.38
,,,,,
Mixed,C,1,Surface,36,89.97
Mixed,C,4,Surface,36,116
Mixed,C,5,Surface,36,85.86
Mixed,C,7,Surface,36,87.95
Mixed,C,8,Surface,36,73.18
Mixed,C,9,Surface,36,91.97
Mixed,C,10,Surface,36,108.21
Mixed,C,11,Surface,36,76.33
Mixed,C,12,Surface,36,95.07
,,,,,
,,,,,
Mixed,A,3,Surface,48,97.89
Mixed,A,4,Surface,48,70.38
Mixed,A,5,Surface,48,70.59
Mixed,A,7,Surface,48,65.22
Mixed,A,8,Surface,48,49.41
Mixed,A,9,Surface,48,76.26
Mixed,A,10,Surface,48,68.83
Mixed,A,11,Surface,48,86.68
Mixed,A,12,Surface,48,81.37
,,,,,
Mixed,B,1,Surface,48,84.04
Mixed,B,2,Surface,48,87.55
Mixed,B,3,Surface,48,78.16
Mixed,B,4,Surface,48,94.67
Mixed,B,6,Surface,48,85.08
Mixed,B,9,Surface,48,86.81
Mixed,B,9,Surface,48,87.2
Mixed,B,10,Surface,48,74.64
Mixed,B,12,Surface,48,80.15
,,,,,
Mixed,C,1,Surface,48,95.61
Mixed,C,10,Surface,48,85.58